s,I
0.0,-0.15
5.005005005005005e-5,-0.1462812777784486
0.0001001001001001001,-0.14263184415076896
0.00015015015015015014,-0.13905055095320898
0.0002002002002002002,-0.13553626786255332
0.00025025025025025025,-0.13208788212997208
0.0003003003003003003,-0.12870429831873
0.0003503503503503503,-0.12538443804570112
0.0004004004004004004,-0.12212723972663528
0.00045045045045045046,-0.11893165832512237
0.0005005005005005005,-0.11579666510520273
0.0005505505505505506,-0.1127212473875709
0.0006006006006006006,-0.1097044083093222
0.0006506506506506507,-0.10674516658719155
0.0007007007007007007,-0.10384255628423475
0.0007507507507507507,-0.10099562657990337
0.0008008008008008008,-0.09820344154346482
0.0008508508508508508,-0.09546507991071995
0.0009009009009009009,-0.0927796348639714
0.0009509509509509509,-0.09014621381519598
0.001001001001001001,-0.08756393819237593
0.001051051051051051,-0.08503194322894359
0.0011011011011011012,-0.0825493777562953
0.001151151151151151,-0.08011540399933083
0.0012012012012012011,-0.0777291973749749
0.0012512512512512512,-0.0753899462936385
0.0013013013013013013,-0.07309685196357804
0.0013513513513513514,-0.07084912819811068
0.0014014014014014013,-0.0686460012256455
0.0014514514514514514,-0.06648670950248987
0.0015015015015015015,-0.06437050352839167
0.0015515515515515516,-0.06229664566477811
0.0016016016016016017,-0.060264409955652624
0.0016516516516516516,-0.058273081951111985
0.0017017017017017016,-0.056321958533445904
0.0017517517517517517,-0.05441034774578244
0.0018018018018018018,-0.05253756862324263
0.001851851851851852,-0.05070295102656848
0.0019019019019019018,-0.048905835478188935
0.001951951951951952,-0.047145573000688966
0.002002002002002002,-0.04542152495764715
0.002052052052052052,-0.043733062896808075
0.002102102102102102,-0.042079568395556016
0.002152152152152152,-0.0404604329086568
0.0022022022022022024,-0.0388750576182355
0.0022522522522522522,-0.03732285328595778
0.002302302302302302,-0.03580324010738338
0.0023523523523523524,-0.03431564756846052
0.0024024024024024023,-0.032859514304130436
0.0024524524524524526,-0.031434287959011965
0.0025025025025025025,-0.03003942505013605
0.0025525525525525524,-0.02867439083170096
0.0026026026026026027,-0.027338659161818983
0.0026526526526526525,-0.026031712371226222
0.002702702702702703,-0.024753041133926984
0.0027527527527527527,-0.023502144339745287
0.0028028028028028026,-0.022278528968755672
0.002852852852852853,-0.02108170996756667
0.002902902902902903,-0.019911210127429985
0.002952952952952953,-0.018766559964149287
0.003003003003003003,-0.01764729759976257
0.003053053053053053,-0.016552968645972697
0.003103103103103103,-0.015483126089300773
0.003153153153153153,-0.01443733017793769
0.0032032032032032033,-0.01341514831026923
0.0032532532532532532,-0.012416154925050707
0.003303303303303303,-0.011439931393207302
0.0033533533533533534,-0.010486065911236643
0.0034034034034034033,-0.009554153396190581
0.0034534534534534536,-0.008643795382213238
0.0035035035035035035,-0.007754599918613012
0.0035535535535535533,-0.006886181469446286
0.0036036036036036037,-0.0060381608145910455
0.0036536536536536535,-0.005210164952288865
0.003703703703703704,-0.004401827003134057
0.0037537537537537537,-0.0036127861154890448
0.0038038038038038036,-0.0028426873723053528
0.003853853853853854,-0.0020911816993298615
0.003903903903903904,-0.0013579257746763088
0.003953953953953954,-0.0006425819397422577
0.004004004004004004,5.518188854793911e-5
0.004054054054054054,0.0007356923041933808
0.004104104104104104,0.0013992704972789977
0.004154154154154154,0.002046232337868728
0.004204204204204204,0.0026768884586478906
0.004254254254254255,0.003291544336332887
0.004304304304304304,0.003890500371866107
0.004354354354354354,0.004474051969413671
0.004404404404404405,0.005042489614183371
0.004454454454454454,0.005596098949079938
0.0045045045045045045,0.006135160850214536
0.004554554554554555,0.006659951501285086
0.004604604604604604,0.007170742466843873
0.0046546546546546545,0.007667800764468575
0.004704704704704705,0.008151388935852662
0.004754754754754755,0.008621765116830896
0.004804804804804805,0.009079183106355401
0.004854854854854855,0.009523892434437596
0.004904904904904905,0.009956138429071029
0.004954954954954955,0.01037616228214994
0.005005005005005005,0.01078420111439823
0.005055055055055055,0.01118048803932319
0.005105105105105105,0.011565252226208245
0.005155155155155155,0.011938718962158716
0.005205205205205205,0.012301109713214407
0.005255255255255256,0.012652642184542616
0.005305305305305305,0.012993530379725048
0.005355355355355355,0.013323984659151755
0.005405405405405406,0.013644211797535237
0.005455455455455455,0.013954415040557545
0.0055055055055055055,0.014254794160662975
0.005555555555555556,0.014545545512008947
0.005605605605605605,0.014826862084587302
0.0056556556556556555,0.0150989335575282
0.005705705705705706,0.015361946351598543
0.005755755755755756,0.015616083680906737
0.005805805805805806,0.015861525603825397
0.005855855855855856,0.016098449073143475
0.005905905905905906,0.016327027985459045
0.005955955955955956,0.01654743322982398
0.006006006006006006,0.016759832735651327
0.006056056056056056,0.016964391519896392
0.006106106106106106,0.017161271733522006
0.006156156156156156,0.017350632707258607
0.006206206206206206,0.017532630996669425
0.006256256256256257,0.017707420426530993
0.006306306306306306,0.017875152134539055
0.006356356356356356,0.01803597461434979
0.006406406406406407,0.018190033757966056
0.006456456456456456,0.01833747289747842
0.0065065065065065065,0.018478432846170307
0.006556556556556557,0.018613051938996785
0.006606606606606606,0.018741466072446086
0.0066566566566566565,0.018863808743793
0.006706706706706707,0.01898021108975314
0.006756756756756757,0.019090801924546805
0.006806806806806807,0.01919570777738131
0.006856856856856857,0.01929505292936018
0.006906906906906907,0.01938895944982777
0.006956956956956957,0.019477547232157656
0.007007007007007007,0.019560934028992942
0.007057057057057057,0.019639235486946648
0.007107107107107107,0.01971256518077008
0.007157157157157157,0.019781034646997153
0.007207207207207207,0.019844753417072307
0.007257257257257258,0.019903829049969728
0.007307307307307307,0.0199583671643114
0.007357357357357357,0.020008471469991337
0.007407407407407408,0.02005424379931341
0.007457457457457457,0.020095784137649918
0.0075075075075075074,0.02013319065362799
0.007557557557557558,0.02016655972885091
0.007607607607607607,0.020195985987161106
0.0076576576576576575,0.020221562323451788
0.007707707707707708,0.020243379932033803
0.007757757757757758,0.02026152833456437
0.007807807807807808,0.02027609540754419
0.007857857857857857,0.020287167409389364
0.007907907907907907,0.020294829007084403
0.007957957957957958,0.0202991633024226
0.008008008008008008,0.020300251857839895
0.008058058058058058,0.020298174721848288
0.008108108108108109,0.02029301045407473
0.008158158158158159,0.02028483614991141
0.008208208208208207,0.02027372746478327
0.008258258258258258,0.020259758638038305
0.008308308308308308,0.020243002516466484
0.008358358358358358,0.020223530577452655
0.008408408408408409,0.02020141295176899
0.008458458458458459,0.020176718446012366
0.00850850850850851,0.020149514564691925
0.008558558558558558,0.020119867531972084
0.008608608608608608,0.020087842313076153
0.008658658658658658,0.020053502635355623
0.008708708708708709,0.020016911009030133
0.008758758758758759,0.019978128747603054
0.00880880880880881,0.01993721598795754
0.008858858858858858,0.01989423171013785
0.008908908908908908,0.01984923375682064
0.008958958958958959,0.019802278852480926
0.009009009009009009,0.019753422622257186
0.00905905905905906,0.019702719610520298
0.00910910910910911,0.01965022329915059
0.00915915915915916,0.01959598612552749
0.009209209209209208,0.019540059500236056
0.009259259259259259,0.019482493824494684
0.009309309309309309,0.019423338507308142
0.00935935935935936,0.019362641982350097
0.00940940940940941,0.0193004517245792
0.00945945945945946,0.019236814266592753
0.00950950950950951,0.019171775214721916
0.009559559559559559,0.019105379264872328
0.00960960960960961,0.019037670218114013
0.00965965965965966,0.01896869099602436
0.00970970970970971,0.018898483655787866
0.00975975975975976,0.01882708940505637
0.00980980980980981,0.018754548616573375
0.009859859859859859,0.018680900842566028
0.00990990990990991,0.018606184828908256
0.00995995995995996,0.01853043852905858
0.01001001001001001,0.018453699117775967
0.01006006006006006,0.018376003004617066
0.01011011011011011,0.018297385847218278
0.01016016016016016,0.01821788256436571
0.01021021021021021,0.01813752734885644
0.01026026026026026,0.01805635368015412
0.01031031031031031,0.01797439433684214
0.01036036036036036,0.017891681408877338
0.01041041041041041,0.017808246309647384
0.010460460460460461,0.01772411978783477
0.010510510510510511,0.017639331939090327
0.01056056056056056,0.017553912217519264
0.01061061061061061,0.017467889446982503
0.01066066066066066,0.01738129183221614
0.01071071071071071,0.01729414696977184
0.010760760760760761,0.017206481858780893
0.010810810810810811,0.017118322911544585
0.010860860860860862,0.017029695963953588
0.01091091091091091,0.016940626285738964
0.01096096096096096,0.01685113859055734
0.011011011011011011,0.01676125704591283
0.011061061061061061,0.0166710052829182
0.011111111111111112,0.016580406405897682
0.011161161161161162,0.016489483001833956
0.01121121121121121,0.016398257149661623
0.01126126126126126,0.01630675042940955
0.011311311311311311,0.016214983931194405
0.011361361361361361,0.016122978264067674
0.011411411411411412,0.01603075356471842
0.011461461461461462,0.015938329506033973
0.011511511511511512,0.015845725305520766
0.01156156156156156,0.015752959733587483
0.011611611611611611,0.01566005112169259
0.011661661661661661,0.015567017370358397
0.011711711711711712,0.015473875957053691
0.011761761761761762,0.015380643943946939
0.011811811811811812,0.015287337985532114
0.011861861861861863,0.015193974336129078
0.011911911911911911,0.01510056885726046
0.011961961961961962,0.015007137024906967
0.012012012012012012,0.014913693936642996
0.012062062062062062,0.014820254318654375
0.012112112112112113,0.014726832532640137
0.012162162162162163,0.014633442582600019
0.012212212212212211,0.014540098121509562
0.012262262262262262,0.014446812457884496
0.012312312312312312,0.01435359856223615
0.012362362362362362,0.014260469073419576
0.012412412412412413,0.014167436304876086
0.012462462462462463,0.014074512250771791
0.012512512512512513,0.013981708592033817
0.012562562562562562,0.01388903670228576
0.012612612612612612,0.013796507653683975
0.012662662662662662,0.013704132222656222
0.012712712712712713,0.013611920895544225
0.012762762762762763,0.013519883874151614
0.012812812812812813,0.013428031081198766
0.012862862862862864,0.01333637216568596
0.012912912912912912,0.013244916508166333
0.012962962962962963,0.013153673225930007
0.013013013013013013,0.013062651178100796
0.013063063063063063,0.012971858970646883
0.013113113113113114,0.012881304961306794
0.013163163163163164,0.012790997264431999
0.013213213213213212,0.012700943755747486
0.013263263263263263,0.012611152077031566
0.013313313313313313,0.012521629640716165
0.013363363363363363,0.012432383634408947
0.013413413413413414,0.012343421025338353
0.013463463463463464,0.012254748564722936
0.013513513513513514,0.012166372792066059
0.013563563563563563,0.012078300039377208
0.013613613613613613,0.01199053643532105
0.013663663663663663,0.0119030879092954
0.013713713713713714,0.011815960195439202
0.013763763763763764,0.011729158836571654
0.013813813813813814,0.01164268918806356
0.013863863863863865,0.011556556421641988
0.013913913913913913,0.011470765529129269
0.013963963963963964,0.011385321326117453
0.014014014014014014,0.011300228455579157
0.014064064064064064,0.011215491391415882
0.014114114114114115,0.011131114441944768
0.014164164164164165,0.0110471017533248
0.014214214214214213,0.010963457312923376
0.014264264264264264,0.01088018495262425
0.014314314314314314,0.01079728835207775
0.014364364364364364,0.010714771041894207
0.014414414414414415,0.010632636406781516
0.014464464464464465,0.010550887688627695
0.014514514514514515,0.010469527989529352
0.014564564564564564,0.01038856027476692
0.014614614614614614,0.010307987375727516
0.014664664664664664,0.010227811992776264
0.014714714714714715,0.010148036698076889
0.014764764764764765,0.010068663938362485
0.014814814814814815,0.009989696037657137
0.014864864864864866,0.009911135199949274
0.014914914914914914,0.00983298351181752
0.014964964964964965,0.009755242945009793
0.015015015015015015,0.009677915358976427
0.015065065065065065,0.009601002503358028
0.015115115115115116,0.009524506020428857
0.015165165165165166,0.009448427447496396
0.015215215215215214,0.009372768219257865
0.015265265265265265,0.009297529670114347
0.015315315315315315,0.009222713036443229
0.015365365365365365,0.009148319458829652
0.015415415415415416,0.009074349984257601
0.015465465465465466,0.009000805568261341
0.015515515515515516,0.008927687077037796
0.015565565565565565,0.00885499528952055
0.015615615615615615,0.008782730899416084
0.015665665665665667,0.008710894517202854
0.015715715715715714,0.00863948667209384
0.015765765765765764,0.00856850781396316
0.015815815815815815,0.008497958315237327
0.015865865865865865,0.008427838472751744
0.015915915915915915,0.008358148509573005
0.015965965965965966,0.008288888576787562
0.016016016016016016,0.008220058755257314
0.016066066066066066,0.008151659057342685
0.016116116116116116,0.00808368942859367
0.016166166166166167,0.008016149749409457
0.016216216216216217,0.00794903983666707
0.016266266266266267,0.007882359445319625
0.016316316316316318,0.00781610826996462
0.016366366366366368,0.00775028594638282
0.016416416416416415,0.007684892053048196
0.016466466466466465,0.0076199261126094105
0.016516516516516516,0.00755538759334332
0.016566566566566566,0.007491275910580959
0.016616616616616616,0.007427590428106467
0.016666666666666666,0.007364330459529425
0.016716716716716717,0.007301495269631007
0.016766766766766767,0.00723908407568444
0.016816816816816817,0.00717709604875016
0.016866866866866868,0.007115530314946103
0.016916916916916918,0.00705438595669356
0.01696696696696697,0.006993662013938985
0.01701701701701702,0.0069333574853521875
0.017067067067067065,0.006873471329501284
0.017117117117117116,0.006814002466004817
0.017167167167167166,0.00675494977666142
0.017217217217217216,0.006696312106557411
0.017267267267267267,0.006638088265152689
0.017317317317317317,0.006580277027345309
0.017367367367367367,0.006522877134515072
0.017417417417417418,0.006465887295546525
0.017467467467467468,0.006409306187831694
0.017517517517517518,0.0063531324582529036
0.01756756756756757,0.006297364724146027
0.01761761761761762,0.006242001574244492
0.01766766766766767,0.006187041569604389
0.017717717717717716,0.006132483244510991
0.017767767767767766,0.006078325107366995
0.017817817817817817,0.006024565641562843
0.017867867867867867,0.005971203306329364
0.017917917917917917,0.005918236537573113
0.017967967967967968,0.005865663748694646
0.018018018018018018,0.005813483331390066
0.018068068068068068,0.005761693656436109
0.01811811811811812,0.005710293074459064
0.01816816816816817,0.005659279916687805
0.01821821821821822,0.005608652495691209
0.01826826826826827,0.005558409106100235
0.01831831831831832,0.005508548025314936
0.01836836836836837,0.005459067514196655
0.018418418418418417,0.00540996581774567
0.018468468468468467,0.0053612411657645515
0.018518518518518517,0.0053128917735074735
0.018568568568568568,0.005264915842315714
0.018618618618618618,0.00521731156023962
0.01866866866866867,0.005170077102647243
0.01871871871871872,0.005123210632819898
0.01876876876876877,0.005076710302534865
0.01881881881881882,0.0050305742526354875
0.01886886886886887,0.004984800613588844
0.01891891891891892,0.0049393875060312654
0.01896896896896897,0.004894333041301878
0.01901901901901902,0.004849635321964401
0.019069069069069067,0.004805292442317402
0.019119119119119118,0.0047613024888932265
0.019169169169169168,0.004717663540945787
0.01921921921921922,0.004674373670927437
0.01926926926926927,0.004631430944955094
0.01931931931931932,0.00458883342326583
0.01936936936936937,0.004546579160662121
0.01941941941941942,0.004504666206946911
0.01946946946946947,0.004463092607348718
0.01951951951951952,0.004421856402936927
0.01956956956956957,0.004380955631027468
0.01961961961961962,0.00434038832557905
0.01966966966966967,0.004300152517580117
0.019719719719719718,0.004260246235426696
0.01976976976976977,0.004220667505291327
0.01981981981981982,0.004181414351483189
0.01986986986986987,0.004142484796799644
0.01991991991991992,0.004103876862869299
0.01996996996996997,0.004065588570486795
0.02002002002002002,0.0040276179399394325
0.02007007007007007,0.003989962991325811
0.02012012012012012,0.003952621744866623
0.02017017017017017,0.003915592221207744
0.02022022022022022,0.003878872441715772
0.02027027027027027,0.0038424604287661426
0.02032032032032032,0.0038063542060239796
0.020370370370370372,0.0037705517987177925
0.02042042042042042,0.0037350512339061766
0.02047047047047047,0.0036998505407376354
0.02052052052052052,0.00366494775070366
0.02057057057057057,0.003630340897885188
0.02062062062062062,0.003596028019192577
0.02067067067067067,0.0035620071545992035
0.02072072072072072,0.0035282763473688194
0.02077077077077077,0.003494833644276777
0.02082082082082082,0.0034616770958252495
0.02087087087087087,0.003428804756452547
0.020920920920920922,0.0033962146847366613
0.020970970970970972,0.0033639049435931316
0.021021021021021023,0.003331873600467353
0.02107107107107107,0.003300118727521434
0.02112112112112112,0.003268638401815701
0.02117117117117117,0.003237430705484964
0.02122122122122122,0.0032064937259096422
0.02127127127127127,0.0031758255558818433
0.02132132132132132,0.003145424293766507
0.02137137137137137,0.0031152880436577024
0.02142142142142142,0.0030854149155301845
0.021471471471471472,0.003055803025386273
0.021521521521521522,0.003026450495398197
0.021571571571571573,0.002997355454045949
0.021621621621621623,0.0029685160362507676
0.021671671671671673,0.0029399303835043146
0.021721721721721723,0.002911596643993654
0.02177177177177177,0.0028835129727221016
0.02182182182182182,0.0028556775316260336
0.02187187187187187,0.0028280884896877394
0.02192192192192192,0.00280074402304439
0.02197197197197197,0.0027736423150932174
0.022022022022022022,0.0027467815565929607
0.022072072072072072,0.002720159945761673
0.022122122122122122,0.002693775688370959
0.022172172172172173,0.0026676269978367093
0.022222222222222223,0.002641712095306416
0.022272272272272273,0.002616029209743134
0.022322322322322324,0.002590576578006156
0.022372372372372374,0.002565352444928476
0.02242242242242242,0.002540355063391102
0.02247247247247247,0.0025155826943942935
0.02252252252252252,0.0024910336071257764
0.022572572572572572,0.0024667060790260083
0.022622622622622622,0.0024425983958505583
0.022672672672672672,0.002418708851729654
0.022722722722722723,0.0023950357492249674
0.022772772772772773,0.002371577399383687
0.022822822822822823,0.002348332121789949
0.022872872872872874,0.0023252982446136717
0.022922922922922924,0.002302474104656858
0.022972972972972974,0.0022798580473974194
0.023023023023023025,0.002257448427030573
0.02307307307307307,0.0022352436065078704
0.02312312312312312,0.0022132419575739064
0.023173173173173172,0.0021914418608007607
0.023223223223223222,0.002169841705620224
0.023273273273273273,0.00214843989035386
0.023323323323323323,0.0021272348222409446
0.023373373373373373,0.0021062249174643418
0.023423423423423424,0.0020854086011743516
0.023473473473473474,0.0020647843075105874
0.023523523523523524,0.0020443504796219193
0.023573573573573574,0.0020241055696845313
0.023623623623623625,0.0020040480389181383
0.023673673673673675,0.001984176357600404
0.023723723723723725,0.0019644890050796
0.023773773773773772,0.0019449844697855517
0.023823823823823823,0.0019256612492389072
0.023873873873873873,0.0019065178500587742
0.023923923923923923,0.001887552787968759
0.023973973973973974,0.0018687645878014511
0.024024024024024024,0.0018501517835013853
0.024074074074074074,0.0018317129181265241
0.024124124124124124,0.0018134465438482937
0.024174174174174175,0.0017953512219502099
0.024224224224224225,0.0017774255228251298
0.024274274274274275,0.0017596680259711608
0.024324324324324326,0.001742077319986266
0.024374374374374376,0.0017246520025615939
0.024424424424424423,0.0017073906804735662
0.024474474474474473,0.001690291969574759
0.024524524524524523,0.0016733544947836042
0.024574574574574574,0.0016565768900729436
0.024624624624624624,0.001639957798457467
0.024674674674674674,0.001623495871980062
0.024724724724724725,0.0016071897716971044
0.024774774774774775,0.0015910381676627217
0.024824824824824825,0.0015750397389120493
0.024874874874874876,0.0015591931734435164
0.024924924924924926,0.001543497168200182
0.024974974974974976,0.0015279504290501484
0.025025025025025027,0.0015125516707660796
0.025075075075075073,0.0014972996170038498
0.025125125125125124,0.0014821930002803451
0.025175175175175174,0.0014672305619504444
0.025225225225225224,0.001452411052183201
0.025275275275275275,0.0014377332299372525
0.025325325325325325,0.001423195862935478
0.025375375375375375,0.0014087977276389272
0.025425425425425426,0.0013945376092200411
0.025475475475475476,0.00138041430153519
0.025525525525525526,0.0013664266070965454
0.025575575575575576,0.0013525733370433107
0.025625625625625627,0.0013388533111123267
0.025675675675675677,0.001325265357608077
0.025725725725725727,0.0013118083133721067
0.025775775775775774,0.0012984810237518809
0.025825825825825825,0.0012852823425690929
0.025875875875875875,0.0012722111320874502
0.025925925925925925,0.0012592662629799481
0.025975975975975975,0.0012464466142956528
0.026026026026026026,0.0012337510734260104
0.026076076076076076,0.0012211785360706998
0.026126126126126126,0.0012087279062030422
0.026176176176176177,0.0011963980960349892
0.026226226226226227,0.0011841880259817004
0.026276276276276277,0.0011720966246257286
0.026326326326326328,0.0011601228286808286
0.026376376376376378,0.0011482655829553998
0.026426426426426425,0.0011365238403155855
0.026476476476476475,0.001124896561648034
0.026526526526526525,0.0011133827158223428
0.026576576576576576,0.0011019812796531942
0.026626626626626626,0.0010906912378622013
0.026676676676676676,0.0010795115830394715
0.026726726726726727,0.001068441315604905
0.026776776776776777,0.0010574794437692386
0.026826826826826827,0.0010466249834948477
0.026876876876876878,0.0010358769584563191
0.026926926926926928,0.0010252344000008045
0.026976976976976978,0.0010146963471081686
0.02702702702702703,0.001004261846350942
0.027077077077077075,0.000993929951854089
0.027127127127127126,0.0009836997252546029
0.027177177177177176,0.0009735702356609374
0.027227227227227226,0.000963540559612287
0.027277277277277277,0.0009536097810377232
0.027327327327327327,0.0009437769912151981
0.027377377377377377,0.000934041288730427
0.027427427427427428,0.0009244017794356544
0.027477477477477478,0.0009148575764083172
0.027527527527527528,0.000905407799909613
0.02757757757757758,0.0008960515773429792
0.02762762762762763,0.0008867880432124972
0.02767767767767768,0.000877616339081223
0.02772772772772773,0.0008685356135294597
0.027777777777777776,0.0008595450221129746
0.027827827827827827,0.0008506437273211701
0.027877877877877877,0.0008418308985352165
0.027927927927927927,0.0008331057119861553
0.027977977977977977,0.0008244673507129765
0.028028028028028028,0.0008159150045206821
0.028078078078078078,0.0008074478699383366
0.02812812812812813,0.0007990651501771182
0.02817817817817818,0.0007907660550883706
0.02822822822822823,0.0007825498011216666
0.02827827827827828,0.0007744156112828869
0.02832832832832833,0.0007663627150923222
0.02837837837837838,0.0007583903485428026
0.028428428428428427,0.000750497754057862
0.028478478478478477,0.000742684180449941
0.028528528528528527,0.0007349488828786356
0.028578578578578578,0.0007272911228089972
0.028628628628628628,0.0007197101679698861
0.02867867867867868,0.0007122052923123882
0.02872872872872873,0.0007047757759682955
0.02877877877877878,0.0006974209052086583
0.02882882882882883,0.0006901399724024113
0.02887887887887888,0.0006829322759750809
0.02892892892892893,0.0006757971203675757
0.02897897897897898,0.0006687338159950646
0.02902902902902903,0.0006617416792059493
0.029079079079079077,0.0006548200322409319
0.029129129129129128,0.0006479682031921837
0.029179179179179178,0.0006411855259626189
0.02922922922922923,0.0006344713402252742
0.02927927927927928,0.0006278249913828036
0.02932932932932933,0.0006212458305270853
0.02937937937937938,0.0006147332143989476
0.02942942942942943,0.0006082865053480201
0.02947947947947948,0.0006019050712927049
0.02952952952952953,0.0005955882856802799
0.02957957957957958,0.0005893355274471312
0.02962962962962963,0.0005831461809791204
0.02967967967967968,0.0005770196360720891
0.02972972972972973,0.0005709552878925022
0.029779779779779778,0.0005649525369382343
0.02982982982982983,0.0005590107889995
0.02987987987987988,0.0005531294551199327
0.02992992992992993,0.0005473079515578114
0.02997997997997998,0.0005415456997474427
0.03003003003003003,0.0005358421262606914
0.03008008008008008,0.0005301966627686731
0.03013013013013013,0.0005246087460036024
0.03018018018018018,0.0005190778177208012
0.03023023023023023,0.0005136033246608704
0.03028028028028028,0.000508184718512025
0.03033033033033033,0.000502821455872596
0.030380380380380382,0.000497512998213698
0.03043043043043043,0.0004922588118420677
0.03048048048048048,0.00048705836786307313
0.03053053053053053,0.00048191114214389395
0.03058058058058058,0.00047681661527687635
0.03063063063063063,0.0004717742725430629
0.03068068068068068,0.0004667836038758987
0.03073073073073073,0.00046184410382511506
0.03078078078078078,0.0004569552715207923
0.03083083083083083,0.00045211661063760213
0.03088088088088088,0.00044732762935923164
0.030930930930930932,0.0004425878403429885
0.030980980980980982,0.0004378967606845902
0.031031031031031032,0.00043325391188313647
0.031081081081081083,0.0004286588198062672
0.03113113113113113,0.00042411101465550524
0.03118118118118118,0.0004196100309317864
0.03123123123123123,0.0004151554074011761
0.031281281281281284,0.000410746687060774
0.031331331331331334,0.0004063834171048073
0.031381381381381385,0.0004020651488909125
0.03143143143143143,0.0003977914379066075
0.03148148148148148,0.0003935618437359529
0.03153153153153153,0.000389375930026405
0.03158158158158158,0.00038523326445585843
0.03163163163163163,0.0003811334186998812
0.03168168168168168,0.00037707596839914076
0.03173173173173173,0.00037306049312702227
0.03178178178178178,0.0003690865763574391
0.03183183183183183,0.00036515380543283583
0.03188188188188188,0.00036126177153238375
0.03193193193193193,0.00035741006964036906
0.03198198198198198,0.00035359829851477453
0.03203203203203203,0.00034982606065605334
0.03208208208208208,0.0003460929622760979
0.03213213213213213,0.0003423986132673971
0.03218218218218218,0.0003387426271723944
0.03223223223223223,0.00033512462115302974
0.03228228228228228,0.0003315442159604839
0.032332332332332334,0.0003280010359051062
0.032382382382382384,0.0003244947088265448
0.032432432432432434,0.00032102486606405976
0.032482482482482485,0.00031759114242703836
0.032532532532532535,0.0003141931761656931
0.032582582582582585,0.00031083060894196093
0.032632632632632635,0.00030750308580058554
0.032682682682682686,0.0003042102551404001
0.032732732732732736,0.00030095176868579155
0.03278278278278278,0.00029772728145836607
0.03283283283283283,0.00029453645174879525
0.03288288288288288,0.0002913789410888613
0.03293293293293293,0.0002882544142236844
0.03298298298298298,0.00028516253908414645
0.03303303303303303,0.00028210298675949747
0.03308308308308308,0.0002790754314701568
0.03313313313313313,0.00027607955054069586
0.03318318318318318,0.00027311502437301586
0.03323323323323323,0.0002701815364197049
0.03328328328328328,0.0002672787731575896
0.03333333333333333,0.0002644064240614655
0.03338338338338338,0.00026156418157801976
0.033433433433433433,0.0002587517410999325
0.033483483483483484,0.0002559688009401694
0.033533533533533534,0.000253215062306451
0.033583583583583584,0.0002504902292759125
0.033633633633633635,0.0002477940087699394
0.033683683683683685,0.0002451261105291918
0.033733733733733735,0.00024248624708880345
0.033783783783783786,0.0002398741337537687
0.033833833833833836,0.00023728948857450205
0.033883883883883886,0.00023473203232258463
0.03393393393393394,0.00023220148846668243
0.03398398398398399,0.000229697583148649
0.03403403403403404,0.00022722004515979958
0.03408408408408409,0.00022476860591736755
0.03413413413413413,0.00022234299944113117
0.03418418418418418,0.000219942962330221
0.03423423423423423,0.0002175682337400979
0.03428428428428428,0.0002152185553597046
0.03433433433433433,0.00021289367138879463
0.03438438438438438,0.00021059332851542693
0.03443443443443443,0.00020831727589363836
0.03448448448448448,0.0002060652651212807
0.03453453453453453,0.0002038370502180335
0.034584584584584584,0.0002016323876035797
0.034634634634634634,0.00019945103607595593
0.034684684684684684,0.0001972927567900638
0.034734734734734735,0.00019515731323635396
0.034784784784784785,0.00019304447121966994
0.034834834834834835,0.00019095399883826272
0.034884884884884886,0.000188885666462964
0.034934934934934936,0.00018683924671652775
0.034984984984984986,0.00018481451445312934
0.035035035035035036,0.00018281124673803125
0.03508508508508509,0.00018082922282740442
0.03513513513513514,0.00017886822414831443
0.03518518518518519,0.00017692803427886203
0.03523523523523524,0.00017500843892848645
0.03528528528528529,0.00017310922591842133
0.03533533533533534,0.0001712301851623118
0.03538538538538539,0.0001693711086469824
0.03543543543543543,0.00016753179041336465
0.03548548548548548,0.00016571202653757315
0.03553553553553553,0.00016391161511214022
0.03558558558558558,0.00016213035622739686
0.03563563563563563,0.00016036805195301059
0.035685685685685684,0.00015862450631966827
0.035735735735735734,0.0001568995253009132
0.035785785785785784,0.00015519291679512632
0.035835835835835834,0.0001535044906076592
0.035885885885885885,0.00015183405843310983
0.035935935935935935,0.00015018143383774824
0.035985985985985985,0.00014854643224208327
0.036036036036036036,0.00014692887090357707
0.036086086086086086,0.00014532856889949933
0.036136136136136136,0.00014374534710992736
0.03618618618618619,0.00014217902820088405
0.03623623623623624,0.00014062943660761996
0.03628628628628629,0.0001390963985180314
0.03633633633633634,0.00013757974185622118
0.03638638638638639,0.00013607929626619313
0.03643643643643644,0.00013459489309568774
0.03648648648648649,0.0001331263653801501
0.03653653653653654,0.0001316735478268366
0.03658658658658659,0.0001302362767990524
0.03663663663663664,0.0001288143903005261
0.03668668668668669,0.00012740772795991328
0.03673673673673674,0.00012601613101543538
0.03678678678678678,0.00012463944229964565
0.036836836836836834,0.00012327750622432895
0.036886886886886884,0.00012193016876552669
0.036936936936936934,0.00012059727744869376
0.036986986986986985,0.00011927868133397912
0.037037037037037035,0.0001179742310016364
0.037087087087087085,0.00011668377853755661
0.037137137137137136,0.00011540717751892892
0.037187187187187186,0.00011414428300002196
0.037237237237237236,0.00011289495149809148
0.037287287287287287,0.00011165904097940674
0.03733733733733734,0.0001104364108454015
0.03738738738738739,0.00010922692191894211
0.03743743743743744,0.00010803043643071849
0.03748748748748749,0.00010684681800575055
0.03753753753753754,0.00010567593165001554
0.03758758758758759,0.00010451764373718952
0.03763763763763764,0.00010337182199550782
0.03768768768768769,0.00010223833549473806
0.03773773773773774,0.00010111705463327038
0.03778778778778779,0.00010000785112531861
0.03783783783783784,9.891059798823711e-5
0.03788788788788789,9.782516952994666e-5
0.03793793793793794,9.675144133647452e-5
0.03798798798798799,9.568929025960185e-5
0.03803803803803804,9.463859440462368e-5
0.03808808808808809,9.359923311821467e-5
0.038138138138138135,9.257108697640558e-5
0.038188188188188185,9.155403777266419e-5
0.038238238238238235,9.054796850608505e-5
0.038288288288288286,8.955276336968235e-5
0.038338338338338336,8.856830773878982e-5
0.038388388388388386,8.759448815956216e-5
0.03843843843843844,8.663119233758198e-5
0.03848848848848849,8.567830912656683e-5
0.03853853853853854,8.473572851717987e-5
0.03858858858858859,8.380334162593922e-5
0.03863863863863864,8.288104068422953e-5
0.03868868868868869,8.19687190274104e-5
0.03873873873873874,8.106627108402576e-5
0.03878878878878879,8.017359236510836e-5
0.03883883883883884,7.929057945358372e-5
0.03888888888888889,7.841712999376783e-5
0.03893893893893894,7.755314268096263e-5
0.03898898898898899,7.669851725114387e-5
0.03903903903903904,7.585315447074504e-5
0.03908908908908909,7.501695612653248e-5
0.03913913913913914,7.418982501557488e-5
0.03918918918918919,7.337166493530254e-5
0.03923923923923924,7.256238067365959e-5
0.03928928928928929,7.176187799934446e-5
0.03933933933933934,7.09700636521419e-5
0.03938938938938939,7.018684533334183e-5
0.039439439439439436,6.941213169624823e-5
0.039489489489489486,6.864583233677351e-5
0.03953953953953954,6.788785778412152e-5
0.03958958958958959,6.713811949155449e-5
0.03963963963963964,6.63965298272474e-5
0.03968968968968969,6.566300206522482e-5
0.03973973973973974,6.493745037638368e-5
0.03978978978978979,6.421978981959734e-5
0.03983983983983984,6.350993633290402e-5
0.03988988988988989,6.280780672477537e-5
0.03993993993993994,6.211331866546784e-5
0.03998998998998999,6.142639067845304e-5
0.04004004004004004,6.0746942131929496e-5
0.04009009009009009,6.0074893230411926e-5
0.04014014014014014,5.941016500640087e-5
0.04019019019019019,5.87526793121283e-5
0.04024024024024024,5.8102358811382394e-5
0.04029029029029029,5.745912697140699e-5
0.04034034034034034,5.68229080548788e-5
0.04039039039039039,5.619362711195827e-5
0.04044044044044044,5.5571209972416706e-5
0.04049049049049049,5.495558323783584e-5
0.04054054054054054,5.434667427388247e-5
0.04059059059059059,5.374441120265429e-5
0.04064064064064064,5.3148722895099473e-5
0.040690690690690694,5.255953896350631e-5
0.040740740740740744,5.197678975406533e-5
0.04079079079079079,5.140040633950026e-5
0.04084084084084084,5.0830320511770295e-5
0.04089089089089089,5.026646477484005e-5
0.04094094094094094,4.970877233751948e-5
0.04099099099099099,4.915717710637048e-5
0.04104104104104104,4.8611613678682163e-5
0.04109109109109109,4.807201733551174e-5
0.04114114114114114,4.7538324034792885e-5
0.04119119119119119,4.701047040450844e-5
0.04124124124124124,4.6488393735929724e-5
0.04129129129129129,4.597203197691885e-5
0.04134134134134134,4.546132372529649e-5
0.04139139139139139,4.4956208222271735e-5
0.04144144144144144,4.4456625345936115e-5
0.04149149149149149,4.396251560481869e-5
0.04154154154154154,4.3473820131504195e-5
0.04159159159159159,4.2990480676311166e-5
0.04164164164164164,4.251243960103202e-5
0.04169169169169169,4.203963987273214e-5
0.04174174174174174,4.157202505760974e-5
0.041791791791791794,4.110953931491375e-5
0.041841841841841844,4.0652127390921376e-5
0.041891891891891894,4.019973461297274e-5
0.041941941941941945,3.9752306883564074e-5
0.041991991991991995,3.9309790674496985e-5
0.042042042042042045,3.887213302108531e-5
0.042092092092092095,3.843928151641698e-5
0.04214214214214214,3.801118430567249e-5
0.04219219219219219,3.7587790080497395e-5
0.04224224224224224,3.716904807343045e-5
0.04229229229229229,3.675490805238472e-5
0.04234234234234234,3.6345320315183386e-5
0.04239239239239239,3.59402356841477e-5
0.04244244244244244,3.5539605500738456e-5
0.04249249249249249,3.51433816202488e-5
0.04254254254254254,3.47515164065496e-5
0.04259259259259259,3.436396272688515e-5
0.04264264264264264,3.3980673946720645e-5
0.04269269269269269,3.360160392463892e-5
0.04274274274274274,3.322670700728805e-5
0.04279279279279279,3.2855938024377726e-5
0.04284284284284284,3.2489252283724564e-5
0.042892892892892893,3.2126605566346644e-5
0.042942942942942944,3.176795412160508e-5
0.042992992992992994,3.1413254662394334e-5
0.043043043043043044,3.106246436037871e-5
0.043093093093093095,3.071554084127658e-5
0.043143143143143145,3.0372442180190073e-5
0.043193193193193195,3.0033126896981538e-5
0.043243243243243246,2.9697553951694727e-5
0.043293293293293296,2.936568274002183e-5
0.043343343343343346,2.9037473088814424e-5
0.0433933933933934,2.8712885251639485e-5
0.04344344344344345,2.839187990437844e-5
0.04349349349349349,2.8074418140870537e-5
0.04354354354354354,2.776046146859839e-5
0.04359359359359359,2.7449971804417043e-5
0.04364364364364364,2.7142911470324525e-5
0.04369369369369369,2.6839243189274987e-5
0.04374374374374374,2.653893008103264e-5
0.04379379379379379,2.6241935658067506e-5
0.04384384384384384,2.594822382149117e-5
0.04389389389389389,2.5657758857033596e-5
0.04394394394394394,2.537050543105921e-5
0.04399399399399399,2.5086428586623297e-5
0.044044044044044044,2.4805493739566854e-5
0.044094094094094094,2.4527666674651137e-5
0.044144144144144144,2.4252913541729894e-5
0.044194194194194195,2.398120085196048e-5
0.044244244244244245,2.3712495474052092e-5
0.044294294294294295,2.3446764630552063e-5
0.044344344344344346,2.318397589416861e-5
0.044394394394394396,2.292409718413095e-5
0.044444444444444446,2.2667096762585166e-5
0.044494494494494496,2.2412943231026737e-5
0.04454454454454455,2.2161605526768186e-5
0.0445945945945946,2.191305291944268e-5
0.04464464464464465,2.166725500754206e-5
0.0446946946946947,2.1424181714990203e-5
0.04474474474474475,2.1183803287750127e-5
0.04479479479479479,2.0946090290465787e-5
0.04484484484484484,2.0711013603136977e-5
0.04489489489489489,2.0478544417828235e-5
0.04494494494494494,2.024865423541028e-5
0.04499499499499499,2.002131486233477e-5
0.04504504504504504,1.9796498407441e-5
0.04509509509509509,1.9574177278795287e-5
0.045145145145145144,1.935432418056168e-5
0.045195195195195194,1.913691210990474e-5
0.045245245245245244,1.8921914353923058e-5
0.045295295295295294,1.870930448661424e-5
0.045345345345345345,1.8499056365870027e-5
0.045395395395395395,1.8291144130502284e-5
0.045445445445445445,1.8085542197298585e-5
0.045495495495495496,1.7882225258108037e-5
0.045545545545545546,1.7681168276956133e-5
0.045595595595595596,1.748234648718933e-5
0.04564564564564565,1.7285735388648022e-5
0.0456956956956957,1.709131074486871e-5
0.04574574574574575,1.6899048580314036e-5
0.0457957957957958,1.6708925177631422e-5
0.04584584584584585,1.652091707493905e-5
0.0458958958958959,1.633500106313992e-5
0.04594594594594595,1.615115418326269e-5
0.045995995995996,1.596935372383008e-5
0.04604604604604605,1.578957721825354e-5
0.0460960960960961,1.5611802442254927e-5
0.04614614614614614,1.5436007411313983e-5
0.04619619619619619,1.526217037814226e-5
0.04624624624624624,1.5090269830182364e-5
0.046296296296296294,1.4920284487133152e-5
0.046346346346346344,1.475219329849974e-5
0.046396396396396394,1.4585975441168958e-5
0.046446446446446445,1.4421610317009141e-5
0.046496496496496495,1.4259077550494896e-5
0.046546546546546545,1.409835698635571e-5
0.046596596596596596,1.3939428687249034e-5
0.046646646646646646,1.3782272931456786e-5
0.046696696696696696,1.362687021060583e-5
0.046746746746746747,1.3473201227411427e-5
0.0467967967967968,1.3321246893444184e-5
0.04684684684684685,1.3170988326919536e-5
0.0468968968968969,1.3022406850510272e-5
0.04694694694694695,1.2875483989181152e-5
0.046996996996997,1.2730201468046119e-5
0.04704704704704705,1.2586541210247162e-5
0.0470970970970971,1.2444485334855336e-5
0.04714714714714715,1.2304016154793033e-5
0.0471971971971972,1.2165116174777942e-5
0.04724724724724725,1.2027768089287855e-5
0.0472972972972973,1.1891954780546753e-5
0.04734734734734735,1.175765931653131e-5
0.0473973973973974,1.1624864948998278e-5
0.04744744744744745,1.1493555111531859e-5
0.047497497497497494,1.1363713417611582e-5
0.047547547547547545,1.123532365869976e-5
0.047597597597597595,1.1108369802349034e-5
0.047647647647647645,1.098283599032915e-5
0.047697697697697695,1.0858706536773376e-5
0.047747747747747746,1.0735965926343815e-5
0.047797797797797796,1.0614598812415957e-5
0.047847847847847846,1.0494590015281744e-5
0.0478978978978979,1.0375924520371514e-5
0.04794794794794795,1.0258587476494073e-5
0.047997997997998,1.0142564194095284e-5
0.04804804804804805,1.0027840143534416e-5
0.0480980980980981,9.91440095337866e-6
0.04814814814814815,9.80223240871504e-6
0.0481981981981982,9.691320449480132e-6
0.04824824824824825,9.581651168806834e-6
0.0482982982982983,9.47321081138859e-6
0.04834834834834835,9.365985771860336e-6
0.0483983983983984,9.259962593196533e-6
0.04844844844844845,9.155127965125614e-6
0.0484984984984985,9.051468722561161e-6
0.04854854854854855,8.948971844049173e-6
0.0485985985985986,8.847624450231726e-6
0.04864864864864865,8.747413802326419e-6
0.0486986986986987,8.648327300621878e-6
0.04874874874874875,8.550352482988716e-6
0.048798798798798795,8.453477023406248e-6
0.048848848848848846,8.35768873050435e-6
0.048898898898898896,8.262975546120756e-6
0.048948948948948946,8.169325543873198e-6
0.048998998998999,8.07672692774667e-6
0.04904904904904905,7.985168030695238e-6
0.0490990990990991,7.89463731325868e-6
0.04914914914914915,7.805123362193377e-6
0.0491991991991992,7.71661488911773e-6
0.04924924924924925,7.629100729171541e-6
0.0492992992992993,7.5425698396896466e-6
0.04934934934934935,7.457011298889214e-6
0.0493993993993994,7.3724143045710105e-6
0.04944944944944945,7.288768172834067e-6
0.0494994994994995,7.2060623368040216e-6
0.04954954954954955,7.124286345374599e-6
0.0495995995995996,7.043429861962498e-6
0.04964964964964965,6.9634826632751195e-6
0.0496996996996997,6.884434638091473e-6
0.04974974974974975,6.806275786055649e-6
0.0497997997997998,6.728996216483182e-6
0.04984984984984985,6.6525861471797636e-6
0.0498998998998999,6.577035903272558e-6
0.04994994994994995,6.502335916053627e-6
0.05,6.428476721835707e-6
